{
  "globalDependencies": {
    "angular": "registry:dt/angular#1.5.0+20160709055139",
    "angular-ui-router": "registry:dt/angular-ui-router#1.1.5+20160707113237",
    "es6-shim": "registry:dt/es6-shim#0.31.2+20160602141504",
    "jquery": "registry:dt/jquery#1.10.0+20160704162008",
    "redux": "registry:dt/redux#3.5.2+20160703092728",
    "redux-logger": "registry:dt/redux-logger#2.6.0+20160619033847",
    "redux-thunk": "registry:dt/redux-thunk#2.1.0+20160703120921"
  },
  "globalDevDependencies": {
    "angular-mocks": "registry:dt/angular-mocks#1.5.0+20160608104721",
    "jasmine": "registry:dt/jasmine#2.2.0+20160621224255",
    "node": "registry:dt/node#6.0.0+20160709114037"
  }
}
